{"cameraMode":{"drawMode":0,"name":"Shaded","section":"Shading Mode"},"sceneLighting":true,"audioPlay":false,"sceneViewState":{"showFog":true,"showMaterialUpdate":false,"showSkybox":true,"showFlares":true,"showImageEffects":true,"showParticleSystems":true,"showVisualEffectGraphs":true,"m_FxEnabled":true},"in2DMode":false,"pivot":{"x":-13.360705375671387,"y":10.164396286010743,"z":-8.915191650390625},"rotation":{"x":-0.017349252477288247,"y":-0.9478745460510254,"z":-0.05236333981156349,"w":0.31389477849006655},"size":24.731367111206056,"orthographic":false}